FID,TimeZoneLo,DoorNum,DoorAction,AC_Type,PossFalseP,PossSplitD,TimeSinceP,GangedDrop,NEAR_FID,NEAR_DIST,Fire_Name,SDI90_mean,SDI97_mean,Slope_mean,PCL_mean,Elevation_,FM_majorit,dataCtrTim,Volume,CoverageLv,Suppressan,TimeSinc_1,LineLenMi,GlobalID,Year,Altitude,Speed,Heading,GalInTank,GalDropped,TotalDropT,TimeSinc_2,DateTimeLo,DateTimeUT,TimeLocalI,GACCName,GACCAbbrev,UpdateDate,Shape_Leng
0,America/Denver,Door 1,Opened,VLAT, , ,82535,No,3542,0.000000000000000,Stone Mtn,28.0000000,34.0000000,13.0000000,13.0000000,1882.0000000,122.0000000, ,0.000000000000000,0, ,0,0.383342408451000,{C4FF4787-B623-487A-98C5-B96DCBE608EA},2024,6591,181,142,2722,2080.000000000000000,3,0,2024-07-30T18:49:32.000Z,2024-07-31T00:49:32.000Z,184932,Rocky Mountain Area Coordination Center,RMCC,12/19/2024 0:00:00,538.210114498000053
1,America/Denver,Door 2,Opened,VLAT, , ,-1,No,3542,0.000000000000000,Stone Mtn,24.0000000,28.0000000,13.0000000,20.0000000,1857.0000000,122.0000000, ,0.000000000000000,0, ,0,0.383342408451000,{660D0CB3-DB8A-4C95-BF7A-BDF488580245},2024,6447,185,141,3853,414.000000000000000,1,0,2024-07-30T18:49:34.000Z,2024-07-31T00:49:34.000Z,184934,Rocky Mountain Area Coordination Center,RMCC,12/19/2024 0:00:00,332.465278099999978
2,America/Denver,Door 2,Opened,VLAT, ,Yes,155,No,3542,12.006613646900000,Stone Mtn,28.0000000,30.0000000,13.0000000,23.0000000,1832.0000000,102.0000000, ,0.000000000000000,0, ,0,0.613914208341000,{AC9A230F-ACA2-48A3-A288-72963E2FD7B2},2024,6348,181,149,3467,3467.000000000000000,9,0,2024-07-30T18:52:10.000Z,2024-07-31T00:52:10.000Z,185210,Rocky Mountain Area Coordination Center,RMCC,12/19/2024 0:00:00,710.371037713999954
3,America/Denver,Door 3,Opened,VLAT, ,Yes,-6,No,3542,0.000000000000000,Stone Mtn,28.0000000,29.0000000,13.0000000,20.0000000,1782.0000000,122.0000000, ,0.000000000000000,0, ,0,0.613914208341000,{A59422B3-F27B-46D9-ADF1-AA2E33B80250},2024,6158,185,144,2597,2597.000000000000000,8,0,2024-07-30T18:52:13.000Z,2024-07-31T00:52:13.000Z,185213,Rocky Mountain Area Coordination Center,RMCC,12/19/2024 0:00:00,609.500608372999977
4,America/Denver,Door 1,Opened,VLAT, , ,5013,No,3542,0.000000000000000,Stone Mtn,22.0000000,23.0000000,11.0000000,19.0000000,1762.0000000,122.0000000, ,0.000000000000000,0, ,0,0.831411839471000,{2AC6AE2B-527F-49BA-B57C-D7F361D7228D},2024,6207,177,139,2771,2771.000000000000000,9,0,2024-07-30T20:15:54.000Z,2024-07-31T02:15:54.000Z,201554,Rocky Mountain Area Coordination Center,RMCC,12/19/2024 0:00:00,616.074152712999989
5,America/Denver,Door 2,Opened,VLAT, , ,-5,No,3542,0.000000000000000,Stone Mtn,18.0000000,19.0000000,8.0000000,19.0000000,1709.0000000,122.0000000, ,0.000000000000000,0, ,0,0.831411839471000,{F4F6A14C-7183-4675-AEFB-9BBBADF7C857},2024,6053,179,142,3825,3825.000000000000000,10,0,2024-07-30T20:15:58.000Z,2024-07-31T02:15:58.000Z,201558,Rocky Mountain Area Coordination Center,RMCC,12/19/2024 0:00:00,748.906231481999953
6,America/Denver,Door 3,Opened,VLAT, , ,-6,No,3542,0.000000000000000,Stone Mtn,12.0000000,14.0000000,5.0000000,20.0000000,1688.0000000,122.0000000, ,0.000000000000000,0, ,0,0.831411839471000,{D58B8DD3-EAE0-48D4-BA89-5D6992D1EC4A},2024,5961,175,153,2654,2654.000000000000000,9,0,2024-07-30T20:16:02.000Z,2024-07-31T02:16:02.000Z,201602,Rocky Mountain Area Coordination Center,RMCC,12/19/2024 0:00:00,597.687615872000038
7,America/Denver, ,start,LAT,No,No, , ,3542,0.000000000000000,Stone Mtn,42.0000000,45.0000000,15.0000000,22.0000000,1894.0000000,122.0000000,2024-07-30T19:57:49.763Z,0.000000000000000,0, ,3010,0.314798446299000,{D6096C63-B4CD-4B86-86CA-66EADFE5B457},2024,6548,161,26,0,0.000000000000000,6,0,2024-07-30T13:56:32.000Z,2024-07-30T19:56:32.000Z,135632,Rocky Mountain Area Coordination Center,RMCC,12/19/2024 0:00:00,609.137237916999993
8,America/Denver, ,start,LAT,No,No, , ,3542,0.000000000000000,Stone Mtn,30.0000000,35.0000000,12.0000000,18.0000000,1924.0000000,122.0000000,2024-07-30T20:40:48.313Z,0.000000000000000,0, ,2625,0.270964450703000,{C388BDEB-B01D-40AD-8FA1-0967F4DA7E39},2024,6541,142,356,0,0.000000000000000,6,0,2024-07-30T14:40:23.000Z,2024-07-30T20:40:23.000Z,144023,Rocky Mountain Area Coordination Center,RMCC,12/19/2024 0:00:00,539.940412998000056
9,America/Denver, ,start,LAT,No,No, , ,3542,0.000000000000000,Stone Mtn,51.0000000,56.0000000,18.0000000,14.0000000,1923.0000000,122.0000000,2024-07-30T21:27:18.917Z,0.000000000000000,0, ,2772,0.270095594188000,{AC4F39BA-647E-47B0-9FD2-AB6543905064},2024,6807,165,43,0,0.000000000000000,5,0,2024-07-30T15:26:41.000Z,2024-07-30T21:26:41.000Z,152641,Rocky Mountain Area Coordination Center,RMCC,12/19/2024 0:00:00,535.521334897999964
10,America/Denver, ,start,LAT,No,No, , ,3542,0.000000000000000,Stone Mtn,37.0000000,46.0000000,12.0000000,9.0000000,1936.0000000,165.0000000,2024-07-30T22:22:18.233Z,0.000000000000000,0, ,3274,0.250040059658000,{F4BC36FE-2F22-48A6-8DAA-389ED63A1E2F},2024,6689,154,14,0,0.000000000000000,5,0,2024-07-30T16:21:20.000Z,2024-07-30T22:21:20.000Z,162120,Rocky Mountain Area Coordination Center,RMCC,12/19/2024 0:00:00,505.513835219999976
11,America/Denver, ,start,LAT,No,No, , ,3542,0.000000000000000,Stone Mtn,44.0000000,46.0000000,17.0000000,13.0000000,1889.0000000,122.0000000,2024-07-30T23:48:19.017Z,0.000000000000000,0, ,5078,0.318053783108000,{16C94A3D-2E55-495B-B00E-5B51A094A41F},2024,6810,159,98,0,0.000000000000000,6,0,2024-07-30T17:46:03.000Z,2024-07-30T23:46:03.000Z,174603,Rocky Mountain Area Coordination Center,RMCC,12/19/2024 0:00:00,607.340228693999961
12,America/Denver, ,start,LAT,No,No, , ,3542,0.000000000000000,Stone Mtn,27.0000000,32.0000000,11.0000000,18.0000000,1965.0000000,122.0000000,2024-07-31T00:28:18.483Z,0.000000000000000,0, ,2469,0.311328950264000,{CC3EF7D1-526F-4E6B-B288-058D5221786E},2024,6761,161,6,0,0.000000000000000,6,0,2024-07-30T18:27:18.000Z,2024-07-31T00:27:18.000Z,182718,Rocky Mountain Area Coordination Center,RMCC,12/19/2024 0:00:00,605.370071016999987
13,America/Denver, ,start,LAT,No,No, , ,3542,0.000000000000000,Stone Mtn,55.0000000,59.0000000,19.0000000,12.0000000,1898.0000000,122.0000000,2024-07-31T01:12:48.427Z,0.000000000000000,0, ,2663,0.333925707233000,{C78BB400-A48F-4394-948D-DBA6FD10D7EE},2024,6722,148,221,0,0.000000000000000,7,0,2024-07-30T19:11:47.000Z,2024-07-31T01:11:47.000Z,191147,Rocky Mountain Area Coordination Center,RMCC,12/19/2024 0:00:00,639.435123468000029
14,America/Denver, ,start,LAT,No,No, , ,3542,0.000000000000000,Stone Mtn,49.0000000,51.0000000,18.0000000,15.0000000,1713.0000000,122.0000000,2024-07-31T02:06:18.407Z,0.000000000000000,0, ,3208,0.238340105145000,{1C7B85FD-C88E-42AF-99CF-9B8CDA12DD3C},2024,6085,147,60,0,0.000000000000000,5,0,2024-07-30T20:05:22.000Z,2024-07-31T02:05:22.000Z,200522,Rocky Mountain Area Coordination Center,RMCC,12/19/2024 0:00:00,481.572252784999989
15,America/Denver, ,start,LAT,No,No, , ,3542,0.000000000000000,Stone Mtn,25.0000000,30.0000000,11.0000000,21.0000000,1944.0000000,122.0000000,2024-07-30T20:58:50.023Z,0.000000000000000,0, ,6360,0.346657372105000,{E05A08ED-F33F-449A-8C82-C35B12C52190},2024,6643,181,340,0,0.000000000000000,6,0,2024-07-30T14:58:22.000Z,2024-07-30T20:58:22.000Z,145822,Rocky Mountain Area Coordination Center,RMCC,12/19/2024 0:00:00,660.828672559999973
16,America/Denver, ,start,LAT,No,No, , ,3542,27.250571419300002,Stone Mtn,33.0000000,39.0000000,12.0000000,10.0000000,1961.0000000,165.0000000,2024-07-31T00:40:21.090Z,0.000000000000000,0, ,13273,0.294381250604000,{820A90AA-AB51-4585-A2C0-4A1388F3B8CD},2024,6758,183,47,0,0.000000000000000,5,0,2024-07-30T18:39:41.000Z,2024-07-31T00:39:41.000Z,183941,Rocky Mountain Area Coordination Center,RMCC,12/19/2024 0:00:00,573.313725286000022
17,America/Denver, ,start,LAT,No,No, , ,3542,0.000000000000000,Stone Mtn,33.0000000,34.0000000,14.0000000,21.0000000,1671.0000000,122.0000000,2024-07-31T01:50:50.350Z,0.000000000000000,0, ,4230,0.378667107657000,{3D937DD2-4972-41E2-BE96-3E59311867E6},2024,5790,172,199,0,0.000000000000000,7,0,2024-07-30T19:50:16.000Z,2024-07-31T01:50:16.000Z,195016,Rocky Mountain Area Coordination Center,RMCC,12/19/2024 0:00:00,711.945434292999948
18,America/Denver, ,start,LAT,No,No, , ,3542,0.000000000000000,Stone Mtn,59.0000000,67.0000000,18.0000000,12.0000000,1977.0000000,122.0000000,2024-07-31T23:57:17.907Z,3974.000000000000000,6, ,5802,0.212732256370000,{6C3A5466-F7AB-4C4D-8E7C-B8764E866691},2024,6666,142,181,0,0.000000000000000,5,0,2024-07-31T17:57:06.000Z,2024-07-31T23:57:06.000Z,175706,Rocky Mountain Area Coordination Center,RMCC,12/19/2024 0:00:00,445.368641197999978
19,America/Denver, ,start,LAT,No,No, , ,3542,0.000000000000000,Stone Mtn,36.0000000,40.0000000,13.0000000,22.0000000,1904.0000000,122.0000000,2024-07-30T19:52:50.360Z,0.000000000000000,0, ,2911,0.134778511906000,{2D84E898-9ED3-4639-9E27-ED6816475A45},2024,6597,174,63,0,0.000000000000000,2,0,2024-07-30T13:51:48.000Z,2024-07-30T19:51:48.000Z,135148,Rocky Mountain Area Coordination Center,RMCC,12/19/2024 0:00:00,315.961116597000000
20,America/Denver, ,start,LAT,No,No, , ,3542,0.000000000000000,Stone Mtn,32.0000000,35.0000000,14.0000000,28.0000000,1892.0000000,122.0000000,2024-07-30T20:35:19.007Z,0.000000000000000,0, ,2580,0.148054313606000,{6A583A4C-94BC-468A-843D-30DEC10468BC},2024,6486,146,334,0,0.000000000000000,4,0,2024-07-30T14:34:50.000Z,2024-07-30T20:34:50.000Z,143450,Rocky Mountain Area Coordination Center,RMCC,12/19/2024 0:00:00,339.611946970000020
21,America/Denver, ,start,LAT,No,No, , ,3542,0.000000000000000,Stone Mtn,48.0000000,52.0000000,17.0000000,17.0000000,1937.0000000,122.0000000,2024-07-30T21:24:20.140Z,0.000000000000000,0, ,2924,0.167139230807000,{8B4B2662-82B0-41E0-B853-EE9C312912DF},2024,6712,175,41,0,0.000000000000000,3,0,2024-07-30T15:23:38.000Z,2024-07-30T21:23:38.000Z,152338,Rocky Mountain Area Coordination Center,RMCC,12/19/2024 0:00:00,369.557512438999993
22,America/Denver, ,start,LAT,No,No, , ,3542,0.000000000000000,Stone Mtn,30.0000000,31.0000000,13.0000000,16.0000000,1722.0000000,122.0000000,2024-07-30T22:07:18.833Z,0.000000000000000,0, ,2570,0.169061048187000,{7641C98F-1F0B-4C4E-AEB0-3954B506DEFE},2024,6036,188,87,0,0.000000000000000,2,0,2024-07-30T16:06:31.000Z,2024-07-30T22:06:31.000Z,160631,Rocky Mountain Area Coordination Center,RMCC,12/19/2024 0:00:00,369.664459317000023
23,America/Denver, ,start,LAT,No,No, , ,3542,0.000000000000000,Stone Mtn,32.0000000,34.0000000,14.0000000,23.0000000,1700.0000000,122.0000000,2024-07-30T22:55:20.233Z,0.000000000000000,0, ,2874,0.140105247962000,{CEFF5C30-C3F0-477C-9115-5FBF2DCF2F04},2024,6144,169,107,0,0.000000000000000,2,0,2024-07-30T16:54:27.000Z,2024-07-30T22:54:27.000Z,165427,Rocky Mountain Area Coordination Center,RMCC,12/19/2024 0:00:00,323.916001243999972
24,America/Denver, ,start,LAT,No,No, , ,3542,5.563044055860000,Stone Mtn,20.0000000,25.0000000,9.0000000,19.0000000,1986.0000000,122.0000000,2024-07-31T00:21:18.543Z,0.000000000000000,0, ,5164,0.149552832304000,{76BB5FEC-7239-4833-9FE1-2FFF88BE0E85},2024,6725,157,357,0,0.000000000000000,3,0,2024-07-30T18:20:33.000Z,2024-07-31T00:20:33.000Z,182033,Rocky Mountain Area Coordination Center,RMCC,12/19/2024 0:00:00,342.815870538000013
25,America/Denver, ,start,LAT,No,No, , ,3542,18.102492707200000,Stone Mtn,26.0000000,30.0000000,12.0000000,16.0000000,1819.0000000,122.0000000,2024-07-31T01:05:48.363Z,0.000000000000000,0, ,2670,0.184026360786000,{7D1BA41D-E420-4766-A297-AC6F6FEDBA93},2024,6308,152,153,0,0.000000000000000,4,0,2024-07-30T19:05:06.000Z,2024-07-31T01:05:06.000Z,190506,Rocky Mountain Area Coordination Center,RMCC,12/19/2024 0:00:00,397.490296849000003
26,America/Denver, ,start,LAT,No,No, , ,3542,44.267481513699998,Stone Mtn,41.0000000,47.0000000,13.0000000,9.0000000,1920.0000000,165.0000000,2024-07-31T01:57:19.343Z,0.000000000000000,0, ,3072,0.141761573196000,{894B3793-C223-462B-A61A-5F98266C7C25},2024,6745,144,99,0,0.000000000000000,3,0,2024-07-30T19:56:22.000Z,2024-07-31T01:56:22.000Z,195622,Rocky Mountain Area Coordination Center,RMCC,12/19/2024 0:00:00,326.155737531000000
27,America/Denver, ,start,LAT,No,No, , ,3542,0.000000000000000,Stone Mtn,27.0000000,29.0000000,13.0000000,12.0000000,1699.0000000,122.0000000,2024-07-31T02:39:47.910Z,0.000000000000000,0, ,2557,0.187421750042000,{FD110335-7287-42F4-9693-EC4876FB7B31},2024,5938,160,181,0,0.000000000000000,3,0,2024-07-30T20:39:02.000Z,2024-07-31T02:39:02.000Z,203902,Rocky Mountain Area Coordination Center,RMCC,12/19/2024 0:00:00,404.325766493000003
28,America/Denver, ,start,LAT,No,No, , ,3542,25.194970932200000,Stone Mtn,29.0000000,37.0000000,13.0000000,15.0000000,1925.0000000,122.0000000,2024-07-31T18:03:19.060Z,0.000000000000000,0, ,3334,0.137492974371000,{8AE5E049-9975-4CA3-9AE6-8CB81C700313},2024,6571,144,143,0,0.000000000000000,3,0,2024-07-31T12:02:43.000Z,2024-07-31T18:02:43.000Z,120243,Rocky Mountain Area Coordination Center,RMCC,12/19/2024 0:00:00,321.806374366999989
29,America/Denver, ,start,LAT,No,No, , ,3542,0.000000000000000,Stone Mtn,52.0000000,58.0000000,17.0000000,14.0000000,1982.0000000,122.0000000,2024-08-01T00:49:57.290Z,0.000000000000000,0, ,4662,0.149648849001000,{26B0C4B8-F249-4A27-B079-48C93A909D7B},2024,6732,155,171,0,0.000000000000000,3,0,2024-07-31T18:48:14.000Z,2024-08-01T00:48:14.000Z,184814,Rocky Mountain Area Coordination Center,RMCC,12/19/2024 0:00:00,342.890458653999985
30,America/Denver, ,start,LAT,No,No, , ,3542,19.186717107700002,Stone Mtn,42.0000000,49.0000000,12.0000000,8.0000000,1960.0000000,165.0000000,2024-07-31T18:00:22.923Z,0.000000000000000,0, ,55006,0.110493820441000,{77A27AAD-DB0F-4531-965B-0D72EBCBBAA7},2024,6633,132,150,0,0.000000000000000,2,0,2024-07-31T11:59:40.000Z,2024-07-31T17:59:40.000Z,115940,Rocky Mountain Area Coordination Center,RMCC,12/19/2024 0:00:00,278.578480140000011
31,America/Denver, ,start,LAT,No,No, , ,3542,0.000000000000000,Stone Mtn,40.0000000,47.0000000,15.0000000,14.0000000,1899.0000000,122.0000000,2024-07-30T20:06:50.290Z,0.000000000000000,0, ,3056,0.303678001274000,{53DCE388-E510-4B1E-9F7D-955EAF3B899D},2024,6495,160,10,0,0.000000000000000,6,0,2024-07-30T14:05:41.000Z,2024-07-30T20:05:41.000Z,140541,Rocky Mountain Area Coordination Center,RMCC,12/19/2024 0:00:00,592.817589077999969
32,America/Denver, ,start,LAT,No,No, , ,3542,0.000000000000000,Stone Mtn,36.0000000,43.0000000,14.0000000,15.0000000,1924.0000000,122.0000000,2024-07-30T20:54:18.347Z,0.000000000000000,0, ,2848,0.297036543080000,{9D83A726-09BB-4FAA-9765-477742DFE55D},2024,6682,153,349,0,0.000000000000000,6,0,2024-07-30T14:53:15.000Z,2024-07-30T20:53:15.000Z,145315,Rocky Mountain Area Coordination Center,RMCC,12/19/2024 0:00:00,581.892179467999995
33,America/Denver, ,start,LAT,No,No, , ,3542,0.000000000000000,Stone Mtn,35.0000000,42.0000000,12.0000000,14.0000000,1949.0000000,122.0000000,2024-07-30T21:42:18.377Z,0.000000000000000,0, ,2886,0.313783394859000,{ADE23599-5974-4D45-B203-E55933DB9230},2024,6748,156,25,0,0.000000000000000,6,0,2024-07-30T15:41:27.000Z,2024-07-30T21:41:27.000Z,154127,Rocky Mountain Area Coordination Center,RMCC,12/19/2024 0:00:00,607.535754685000029
34,America/Denver, ,start,LAT,No,Yes,2669, ,3542,0.000000000000000,Stone Mtn,34.0000000,44.0000000,11.0000000,8.0000000,1938.0000000,122.0000000,2024-07-30T22:26:48.357Z,0.000000000000000,0, ,2669,0.050936819732300,{8930A16C-7FC0-4F95-9992-A269C2A6EAB3},2024,6591,157,10,0,0.000000000000000,1,0,2024-07-30T16:26:02.000Z,2024-07-30T22:26:02.000Z,162602,Rocky Mountain Area Coordination Center,RMCC,12/19/2024 0:00:00,182.668122297999986
35,America/Denver, ,start,LAT,No,Yes,149, ,3542,0.000000000000000,Stone Mtn,38.0000000,45.0000000,12.0000000,9.0000000,1924.0000000,165.0000000,2024-07-30T22:29:18.347Z,0.000000000000000,0, ,149,0.230716796769000,{DBDB81DD-CF60-42A8-BB03-EFB0BBAE1EF2},2024,6689,178,40,0,0.000000000000000,4,0,2024-07-30T16:28:32.000Z,2024-07-30T22:28:32.000Z,162832,Rocky Mountain Area Coordination Center,RMCC,12/19/2024 0:00:00,471.796415524999986
36,America/Denver, ,start,LAT,No,No, , ,3542,0.000000000000000,Stone Mtn,21.0000000,26.0000000,9.0000000,21.0000000,1969.0000000,122.0000000,2024-07-30T23:57:18.587Z,0.000000000000000,0, ,5264,0.306465609400000,{AFC5AD37-B857-423D-B47B-B5FD14AED7F6},2024,6958,161,11,0,0.000000000000000,6,0,2024-07-30T17:56:20.000Z,2024-07-30T23:56:20.000Z,175620,Rocky Mountain Area Coordination Center,RMCC,12/19/2024 0:00:00,597.553824730999963
37,America/Denver, ,start,LAT,No,No, , ,3542,34.235895872999997,Stone Mtn,31.0000000,38.0000000,11.0000000,10.0000000,1976.0000000,165.0000000,2024-07-31T00:43:49.410Z,0.000000000000000,0, ,2806,0.302598297555000,{1BFD340D-003D-4C6A-9294-B81FA0463136},2024,7043,156,62,0,0.000000000000000,6,0,2024-07-30T18:43:12.000Z,2024-07-31T00:43:12.000Z,184312,Rocky Mountain Area Coordination Center,RMCC,12/19/2024 0:00:00,584.038777019000008
38,America/Denver, ,start,LAT,No,No, , ,3542,0.000000000000000,Stone Mtn,39.0000000,40.0000000,16.0000000,15.0000000,1715.0000000,122.0000000,2024-07-31T01:23:18.480Z,0.000000000000000,0, ,2342,0.371724436792000,{218B4ED4-9446-4489-BEA9-BD5297EAA21E},2024,6138,143,246,0,0.000000000000000,8,0,2024-07-30T19:22:20.000Z,2024-07-31T01:22:20.000Z,192220,Rocky Mountain Area Coordination Center,RMCC,12/19/2024 0:00:00,695.076064911000003
39,America/Denver, ,start,LAT,No,No, , ,3542,0.000000000000000,Stone Mtn,41.0000000,43.0000000,15.0000000,14.0000000,1724.0000000,122.0000000,2024-07-31T02:09:48.047Z,0.000000000000000,0, ,2785,0.274446343669000,{FFDB3603-BC1E-4805-BE31-E221FC1B8D9C},2024,6085,142,46,0,0.000000000000000,6,0,2024-07-30T20:08:53.000Z,2024-07-31T02:08:53.000Z,200853,Rocky Mountain Area Coordination Center,RMCC,12/19/2024 0:00:00,540.594845749000001
